pathway,SIM01_V1,SIM01_V2,SIM01_V3,SIM02_V1,SIM02_V2,SIM02_V3,SIM03_V2,SIM03_V3,SIM04_V1,SIM04_V2,SIM04_V3,SIM05_V1,SIM05_V2,SIM05_V3,SIM06_V1,SIM06_V2,SIM06_V3,SIM07_V1,SIM07_V2,SIM07_V3,SIM08_V1,SIM08_V2,SIM08_V3,SIM09_V1,SIM09_V2,SIM09_V3,SIM10_V1,SIM10_V2,SIM10_V3
cis-vaccenate biosynthesis,2923.399,10244.394,6845.927,6198.373,4323.666,2944.677,8167.429,870.53,3898.363,6667.102,5639.308,4415.158,5244.03,0,2850.147,3976.608,8896.458,5071.043,4027.8,2925.774,4651.997,5213.477,12963.759,4655.786,6929.27,0,6850.655,6139.274,7920.716
L-methionine biosynthesis I,4091.2,4080.253,1926.693,5111.9,9794.705,5578.371,8163.393,3010.055,2914.12,3547.898,719.698,5288.208,8707.591,11255.669,10738.939,3958.918,8561.816,3782.007,3290.491,1056.587,11739.688,6351.294,6861.317,2481.13,3705.506,10005.236,3719.397,3650.316,4826.223
L-methionine biosynthesis II,3002.037,3900.682,630.362,9570.922,3847.958,7735.269,7093.323,2822.353,4911.388,3209.615,2279.535,6628.851,8577.943,3899.19,4913.466,3608.143,8221,663.428,6745.304,5264.483,2571.668,4519.713,6250.187,0,182.725,3303.166,9813.598,4892.595,6060.723
thiamine diphosphate biosynthesis II,2272.983,5942.41,3761.077,6482.693,4385.001,3935.475,6845.441,5601.483,6730.648,3361.057,13205.697,10703.544,1619.902,8553.14,6438.636,7513.218,9394.37,9706.862,7177.958,4900.362,4553.259,6507.82,7298.089,4843.931,2838.107,6349.782,2629.18,6770.151,9760.134
NAD phosphorylation and transhydrogenation,2823.358,14298.824,8907.604,5017.197,4344.202,8570.292,6057.919,9528.321,5709.628,7402.939,3119.166,1237.814,8114.153,2955.092,2937.326,6442.403,4893.134,8564.333,5319.407,4296.466,6928.062,4080.525,5497.646,2313.592,5653.719,3524.516,4383.287,6164.981,2067.041
L-arginine degradation I (arginase pathway),6484.867,8512.74,0,10152.074,5033.111,2545.291,5556.34,5636.501,5257.203,7801.195,6013.623,0,5093.791,8444.576,3127.562,6079.333,1415.203,5305.346,8588.6,0,3932.537,4960.802,2568.824,8827.09,10634.969,4839.366,5362.543,7932.417,9180.305
formate to 5,10-methyleneTHF,8027.295,4671.384,5991.939,5396.98,4111.644,7132.885,4253.054,6790.514,3415.334,9606.33,3688.19,13755.902,3888.282,5922.965,3294.227,7087.849,4867.17,5202.603,1728.734,4377.485,9240.479,5467.521,3334.887,7244.132,12787.09,4696.893,5399.758,6238.77,7920.928
(2Fe-2S) iron-sulfur cluster biosynthesis,7262.406,4942.033,6857.05,0,2588.739,7689.653,0,6778.352,3391.857,7643.026,6206.828,1483.329,3139.887,2596.999,7339.396,6646.648,2790.115,2672.847,0,10788.208,10368.908,4796.534,2092.917,3148.861,0,4451.047,5931.649,5165.702,6216.015
L-serine degradation,6403.569,4719.16,0,5593.189,6301.068,3966.673,1094.785,6836.701,7125.501,5585.799,7830.207,3782.566,3214.832,4514.828,5186.217,5416.219,1484.803,5100.575,6059.042,6152.35,5083.021,6236.776,5214.245,1979.336,6982.745,3370.59,6841.748,0,8067.434
superpathway of glycolysis and the Entner-Doudoroff pathway,3272.621,4690.88,10647.565,1594.268,1875.264,4452.931,3039.721,5503.26,6667.677,8276.553,5520.634,1227.499,5491.929,8821.452,6389.975,4185.314,3744.175,4659.392,4844.93,7782.781,7275.095,6893.446,3172.933,5750.462,9547.223,4700.854,5235.496,6378.52,5641.577
TCA cycle (prokaryotic),3825.674,7004.178,6010.36,1929.199,4574.162,5141.043,1694.198,7226.972,6255.289,4539.321,0,9097.002,4106.819,1988.325,0,7266.379,9268.086,839.866,7046.197,8139.297,3587.124,3940.885,7561.142,5367.331,8884.119,6845.742,4950.8,4646.872,6186.395
pentose phosphate pathway,9541.709,4227.556,11045.287,4850.648,4892.064,5269.034,5548.908,1166.694,4853.153,8343.012,5029.259,4228.703,4740.248,8040.273,3103.675,7972.587,5965.958,9969.475,0,6098.367,2232.043,4226.282,1529.845,0,7094.904,1838.618,3066.841,1925.547,7804.755
fatty acid beta-oxidation I,2757.191,7155.8,7454.117,2495.221,6071.477,5299.737,4088.336,0,5623.047,2029.326,1622.23,6526.297,5510.214,10724.58,8251.321,8345.615,4788.588,5750.614,5784.583,10496.907,4925.009,2688.219,7589.301,2557.403,6668.578,11379.527,4759.584,3887.323,2992.342
fatty acid biosynthesis initiation I,2492.554,2084.641,6606.836,4864.498,1441.312,7055.703,3745.05,4344.269,3043.757,9344.763,9400.884,10612.53,5567.329,5365.199,1513.345,4355.355,7841.908,5234.114,6227.286,6642.421,2049.392,7881.268,4464.845,5958.424,7529.713,8099.715,4479.976,4805.227,4615.379
acetyl-CoA fermentation to butyrate II,91.209,4330.468,8240.829,4069.297,3817.963,2763.119,6058.253,5172.135,7281.042,7338.86,6177.304,3887.021,6551.374,4142.464,6619.502,0,5399.333,143.918,7864.953,9926.094,9506.833,10049.56,986.395,0,2704.424,5919.655,2141.993,5740.477,5380.494
L-glutamate degradation V,6251.69,2584.721,4423.197,2658.881,4604.671,8808.078,3329.614,4576.304,8076.01,6027.417,4803.115,5838.376,7720.975,2183.65,1062.263,5033.075,1212.326,4605.484,3886.065,2411.53,3966.58,3951.731,8425.618,3988.237,1955.001,8228.314,7378.758,4812.696,5296.025
purine nucleotides de novo biosynthesis II,7027.159,8602.076,5467.501,4241.602,6773.287,5510.847,552.865,429.692,7085.146,7618.489,3530.822,7065.714,7823.066,10571.445,5995.373,0,2143.705,4854.58,4648.97,2536.255,4191.11,1555.574,8397.521,10199.509,10330.173,5658.279,4206.37,5526.411,3548.96
UMP biosynthesis I,2574.36,5746.911,4905.489,6700.289,2931.511,6070.255,8106.463,9394.099,3245.945,4626.119,6380.126,3472.3,9598.815,3496.556,3550.632,4400.359,8234.361,4600.658,8538.368,6035.09,2614.991,4838.565,5765.802,6990.106,7430.161,9182.542,1031.566,2453.048,2563.571
peptidoglycan biosynthesis I,0,1052.266,6439.469,3612.925,3560.944,4311.546,2261.11,0,9034.807,9540.105,2246.289,0,5406.682,5697.033,3546.059,7304.309,7266.892,2988.168,10682.579,7863.872,3259.862,5037.752,4456.222,2410.387,7047.523,793.967,3094.916,3617.668,0
lipid A-core biosynthesis,4425.404,7296.501,5457.456,6810.663,4607.811,7604.721,7049.364,1448.817,5379.995,7695.214,7141.265,774.571,1563.031,4421.101,10348.788,8341.447,5131.162,7141.903,5126.026,6481.369,2589.583,4465.761,4952.844,5280.792,4927.919,4961.663,1435.296,7130.236,4230.595
adenosine nucleotides de novo biosynthesis,4709.478,9938.57,2437.539,1986.916,7364.61,7769.977,5599.678,6429.791,8137.89,5379.389,5295.75,10119.841,6896.163,6325.787,5714.173,6306.065,8794.549,9833.147,6213.409,2590.665,5100.353,7940.581,1940.737,933.285,10109.104,0,8033.932,1589.928,5835.641
CMP-sialic acid biosynthesis,6749.411,0,3186.7,2944.994,11193.261,2016.772,3497.473,0,5930.056,7643.598,4571.097,3893.744,5036.394,5291.073,8018.416,6689.109,3512.233,7661.752,0,8109.338,6450.98,5367.455,5060.646,0,720.685,3742.732,9725.374,7889.004,5800.377
cobalamin biosynthesis,5733.419,2599.968,3901.937,4229.889,1586.288,4069.419,6604.343,7423.42,9371.862,8713.728,4969.435,10271.842,1598.853,4967.377,261.028,6080.133,291.003,2495.856,0,4374.197,4485.951,5114.594,3122.429,2711.752,10772.928,4824.318,5059.785,1384.349,6452.16
riboflavin biosynthesis I,2628.595,6166.858,5063.655,4191.216,3339.442,4144.252,6888.117,3736.363,7367.432,1895.869,0,3295.479,141.686,2548.638,8300.341,4677.278,4496.827,6137.067,261.952,719.582,4873.553,4603.793,5198.221,5123.374,7596.539,9256.557,5368.129,809.852,811.034
folate biosynthesis VI,4268.549,7268.563,7403.247,4969.399,729.506,1682.159,6104.719,4021.573,12288.732,2293.5,5496.027,5851.97,7073.965,2497.219,5083.202,5653.903,4797.317,7239.369,1777.579,7204.754,5634.679,6957.547,6613.041,2543.321,6680.603,5141.981,7645.172,2863.136,3704.473
MetaCyc-pathway-026,5478.614,7562.829,10072.869,4142.196,3142.071,1417.47,15031.785,2138.351,3346.757,6607.148,5629.71,13140.698,0,10665.185,4123.214,6573.088,1728.352,6688.73,1181.048,7823.521,4755.75,1698.621,9346.038,4313.331,7579.107,6219.577,512.119,4744.448,6592.903
MetaCyc-pathway-027,10192.581,7936.903,1698.109,3694.039,8474.294,5902.436,8159.939,754.452,7568.952,4694.152,4321.76,3146.96,4213.153,5359.744,6155.942,7445.072,2852.653,6709.907,348.209,5365.736,4996.852,4384.098,5036.58,7754.628,5222.939,6278.669,8198.28,5115.771,5355.402
MetaCyc-pathway-028,4783.229,9447.273,8926.411,6982.769,11040.621,6666.311,5564.088,7062.664,5096.715,5755.773,6575.885,4165.933,5648.19,9262.11,3024.787,2143.052,2984.816,4948.75,7252.52,10061.273,4207.364,5159.043,5550.238,5874.193,6064.425,1040.371,0,651.547,1381.966
MetaCyc-pathway-029,529.901,2744.994,3085.104,4913.829,6933.564,2863.508,1318.574,1689.513,2084.108,4152.74,2490.438,3718.511,7814.315,4860.116,3819.274,6945.427,6184.145,9471.029,1127.111,7682.643,9835.086,1419.546,5149.443,8151.141,1743.052,3223.506,8434.235,8319.23,2821.707
MetaCyc-pathway-030,2685.814,2822.145,0,9911.598,5013.854,7605.958,7591.613,2923.203,1526.844,7224.638,3283.247,2801.241,11401.277,8470.111,9501.412,8815.028,4809.522,6070.398,2835.595,8489.655,1257.25,6131.766,2110.078,5568.135,5886.954,8243.746,10310.26,2678.2,4870.973
MetaCyc-pathway-031,1001.469,4358.334,5995.831,6956.588,9236.352,6731.615,3135.148,6211.159,1461.895,9321.052,5311.732,5791.78,4879.555,3973.67,0,6320.733,6072.829,4960.088,7774.675,11940.629,8583.414,7137.919,4997.901,810.028,0,5241.845,6692.225,4882.634,4996.649
MetaCyc-pathway-032,5920.888,7774.907,6601.384,5212.508,1784.048,3053.935,4854.104,6330.106,4305.382,0,8986.074,3398.093,1700.89,7806.055,4062.611,0,7394.785,3246.026,10159.928,4376.887,7118.527,2386.075,4870.268,3818.312,2612.244,6043.77,0,7659.484,2806.408
MetaCyc-pathway-033,5821.493,0,4940.267,6721.309,9244.978,4598.009,10679.667,8242.874,6632.701,2153.281,7764.038,6779.541,6531.61,5387.878,6699.785,6968.38,8262.315,4513.161,7701.102,5656.476,2249.113,5024.952,7213.925,0,3357.482,2232.6,3747.897,3028.092,6280.928
MetaCyc-pathway-034,7843.025,7514.597,5730.654,0,1206.625,5563.565,3277.611,7307.749,2254.958,4854.339,5190.306,7950.404,1119.811,5019.081,705.639,358.544,8032.1,1529.425,0,5026.527,2545.358,423.593,6092.23,6392.319,9260.923,3353.621,5516.093,5852.591,5882.197
MetaCyc-pathway-035,4462.685,3995.704,5150.861,6818.944,7312.498,7457.903,3238.867,2022.083,5213.937,4799.874,6946.252,6782.797,1937.337,2488.991,2574.952,8213.42,5798.489,9867.725,3492.622,2661.015,4390.861,6975.585,5696.558,6383.61,4467.672,5483.468,3821.749,0,4498.997
MetaCyc-pathway-036,4680.096,4147.472,4168.478,2106.151,9137.741,2478.224,0,5151.137,6848.702,0,7603.373,9206.069,6302.305,8041.536,7003.34,6042.224,7574.502,7141.824,2518.099,4804.68,6101.858,4767.991,2158.559,7539.974,7924.253,4962.092,4095.286,6473.335,10728.652
MetaCyc-pathway-037,9409.527,1886.326,4423.933,4750.226,3849.231,6497.614,5747.392,10269.333,4192.924,2467.899,4556.003,677.337,5620.445,0,4022.369,6551.461,1435.756,4375.674,7101.447,10244.606,4219.532,5161.219,5933.661,5302.742,4568.463,582.831,8507.017,5136.915,4646.905
MetaCyc-pathway-038,196.069,2111.143,3409.911,12251.447,705.391,2817.918,5449.5,5760.156,5411.152,8623.542,8063.554,3904.429,3355.487,6772.192,4277.403,1007.163,5499.531,7827.515,3697.98,4522.107,2684.093,6763.664,5317.464,6500.289,10762.562,5009.454,8774.852,2511.912,7118.915
MetaCyc-pathway-039,2164.916,10483.966,5294.507,6703.014,3863.953,4429.45,6186.56,8307.184,1948.649,6517.794,13169.041,5699.049,4825.521,6760.025,5066.654,5795.423,822.524,5531.512,3045.549,1241.571,4504.896,5039.77,3237.382,7726.669,5447.76,5029.991,5661.029,8333.569,6615.97
MetaCyc-pathway-040,4783.641,2323.175,3834.534,4148.544,1995.489,0,4670.687,5620.227,6149.23,7109.125,6579.668,3767.87,3707.509,5575.041,8224.846,9390.43,2663.034,4263.997,5236.228,1701.599,8627.152,3861.676,4963.5,1875.626,3396.412,4385.015,4793.841,9033.058,2477.308
MetaCyc-pathway-041,4909.28,2609.934,4513.02,2901.754,4061.648,3332.039,4159.519,7340.377,2586.358,2315.149,0,4912.992,5864.465,4537.206,3064.368,4701.965,8960.835,7438.383,0,1914.265,2539.084,3640.651,2315.771,5311.232,5548.594,3675.069,6800.274,5943.043,0
MetaCyc-pathway-042,8523.436,5232.428,8177.559,2218.106,6816.542,3844.823,2934.415,8361.984,7195.892,2993.177,3416.688,3753.808,6798.52,1576.151,3645.744,3526.58,5957.451,7035.024,8006.502,6435.519,6838.476,4532.428,10118.751,2862.787,4585.627,6705.468,4760.672,5574.746,6843.994
MetaCyc-pathway-043,2857.937,9180.491,4551.368,9970.693,4031.442,5014.516,4455.713,2003.109,672.206,6124.064,3818.371,0,0,2119.406,1144.067,4899.796,2911.097,7073.988,6003.839,0,6607.727,4023.775,7488.826,6691.316,7006.318,525.34,6190.43,4128.887,2877.265
MetaCyc-pathway-044,2925.714,4768.499,0,5051.132,4146.957,7937.262,1042.905,7106.317,7745.155,4149.381,3253.898,5430.173,3734.911,7407.233,4292.417,1844.431,5688.215,3585.964,5630.37,6360.53,0,6397.669,3254.522,5221.829,4780.667,0,4348.997,4329.964,2848.702
MetaCyc-pathway-045,6148.846,8872.097,2399.42,4750.874,1732.304,4589.952,6817.804,2812.082,4303.421,4406.353,4870.322,3043.898,5636.304,8818.399,9686.008,8735.222,8104.487,5083.09,1455.509,3561.319,1000.732,1299.299,4963.271,0,8207.081,4845.416,7458.219,2186.991,7336.205
MetaCyc-pathway-046,1838.726,6006.765,0,5457.501,9721.288,11876.119,6324.892,3988.204,6273.651,4971.09,2536.85,3905.572,6435.382,4047.502,5032.673,1557.137,1650.207,1241.673,3022.906,8545.895,6512.999,7685.254,6263.924,6745.456,118.936,5414.558,6100.327,4385.629,4219.998
MetaCyc-pathway-047,3818.027,3564.107,6549.659,4289.51,171.438,3529.041,4279.064,0,6270.901,3722.514,3785.19,5099.057,8132.113,2013.746,7345.549,1896.846,6845.109,5604.172,3084.32,2123.658,4973.122,6297.008,7447.745,4654.372,7168.037,3501.031,6268.592,2672.88,1625.195
MetaCyc-pathway-048,7901.413,3095.622,1577.682,3664.501,9288.064,4063.891,4395.12,8146.171,3217.122,8045.949,5264.597,6890.261,5774.388,6648.484,4657.822,2700.078,2640.778,0,4760.021,7887.251,4667.542,7521.223,5110.957,4012.737,4961.724,5956.056,5175.491,4818.668,5691.185
MetaCyc-pathway-049,6443.827,6402.173,2794.495,7605.722,4686.098,6184.572,6211.983,10727.662,5660.143,3171.591,3924.122,5839.374,1759.282,4229.756,4707.844,5042.062,4434.664,4186.265,9070.205,4297.951,2766.701,7825.043,3732.966,6434.169,4023.64,6127.954,6384.305,3168.412,2331.898
MetaCyc-pathway-050,5736.179,7265.163,4141.589,5770.452,4772.208,6775.191,5640.589,5339.109,2551.801,1810.884,3950.176,5755.223,6825.793,5617.68,2238.793,5782.263,7961.078,1757.613,5308.976,3799.834,5296.214,4763.816,2247.3,3314.15,2681.166,2885.372,8689.497,5109.684,0
MetaCyc-pathway-051,7197.507,3852.27,631.739,8600.526,3492.382,711.262,7558.377,5491.534,6058.98,3289.907,6180.434,9534.122,6328.536,4426.729,10088.049,8958.351,4381.416,2293.074,2774.647,8320.706,2184.866,5582.64,7369.84,7072.028,8296.836,7154.779,5766.167,5004.301,2852.959
MetaCyc-pathway-052,11292.009,1665.136,5785.145,12089.926,7130.77,6337.988,8671.478,5884.702,6921.159,477.299,6933.638,8980.111,8690.4,4909.781,666.117,5567.893,11971.672,5575.987,3372.397,3867.849,8205.26,3191.791,6297.461,4051.261,1744.185,5172.547,4728.997,7944.536,7904.433
MetaCyc-pathway-053,11905.896,5094.577,1786.829,4709.626,5895.502,2896.771,6152.15,4619.247,7121.08,0,8710.459,1173.106,5609.99,1870.496,3374.791,2909.58,369.93,13142.37,3823.243,3897.665,1562.893,3234.55,1041.739,2466.166,4000.286,10454.746,3213.941,734.148,7871.903
MetaCyc-pathway-054,4309.771,8051.672,0,2851.055,4661.013,0,0,3907.091,2956.089,8539.481,8892.048,6104.323,4278.882,7677.45,469.479,0,5699.288,6424.028,7294.923,9448.509,8005.911,7219.353,6878.205,7700.161,6970.152,9416.468,4014.684,2418.925,5171.323
MetaCyc-pathway-055,6708.549,4122.268,7393.504,5065.856,5950.802,3755.617,8543.362,2686.716,4912.139,5919.513,9126.77,4340.376,2147.537,10903.833,4203.378,4926.951,7117.744,9615.912,5780.859,4414.41,3033.137,6985.656,4442.324,5300.544,6008.063,5304.894,4386.747,5263.839,5891.202
MetaCyc-pathway-056,6072.47,2096.676,8161.653,0,2198.069,2125.697,597.779,2575.459,3863.405,6733.36,5684.664,4684.917,7564.623,5987.6,8504.154,7730.492,4384.928,3836.526,3852.615,5845.558,6073.891,3015.872,8466.178,4551.611,8277.154,1220.456,4559.808,65.151,0
MetaCyc-pathway-057,4065.277,2290.832,5259.173,7149.349,7658.268,1998.87,6750.322,9223.344,2880.27,4091.588,9196.234,3748.061,6251.607,9275.929,0,4044.314,5807.281,9607.274,7238.06,6997.458,10456.307,0,6894.098,2564.018,5189.084,6395.861,3722.805,5152.536,0
MetaCyc-pathway-058,1533.025,1149.055,1758.666,1899.348,1884.19,991.844,11035.19,4450.387,6425.367,0,2579.38,6903.094,1634.201,2906.089,4453.55,5157.374,3550.114,6163.205,8232.022,3769.134,6649.705,7419.462,6102.372,6348.978,8019.717,1322.933,5095.672,3264.343,2871.337
MetaCyc-pathway-059,6189.55,6501.024,7574.573,0,12264.632,5202.011,1878.956,4076.916,7194.654,419.189,7764.249,5771.859,5755.38,10082.623,8888.584,3595.317,2885.606,6015.347,11406.48,12120.481,7161.228,2172.486,5068.419,5791.412,1934.456,0,7158.882,3459.02,3770.287
MetaCyc-pathway-060,2340.162,7575.883,11102.213,8128.358,4695.151,5599.531,10764.408,7139.941,2132.451,4705.092,5918.289,1909.876,8928.352,747.878,6531.244,5888.759,6772.675,2621.238,0,2836.152,5852.846,3778.664,7037.916,1898.173,4502.71,0,8856.316,4647.636,7153.821
MetaCyc-pathway-061,14100.189,7575.465,9826.062,4104.649,2509.652,9556.475,8425.528,2717.833,4524.907,5137.347,2683.647,2850.709,5386.626,4956.835,1042.882,1666.101,2218.834,4639.694,1752.751,6281.517,1023.876,9212.132,7066.823,0,2567.06,6181.446,1508.458,0,10411.146
MetaCyc-pathway-062,3254.548,12040.118,4397.058,6946.409,6284.398,6398.796,4364.936,5490.581,7170.53,3360.098,8946.795,6137.603,5472.566,2853.618,4744.309,0,1512.003,3889.815,6189.427,3695.297,10342.433,4726.485,6238.619,9716.679,4312.159,6636.375,6820.272,343.006,11205.739
MetaCyc-pathway-063,9328.348,4997.281,10839.406,5593.793,2651.819,5792.45,2394.185,6348.308,8549.936,6543.556,7298.726,1023.698,1356.087,0,4091.433,6408.378,4253.497,8710.142,8227.275,0,2484.668,3142.851,5646.917,2086.387,2588.888,5005.22,1787.908,0,6783.809
MetaCyc-pathway-064,11012.447,7072.281,5399.147,2420.019,4219.001,3255.871,3037.07,8214.468,10872.225,4927.574,5401.301,11526.068,1338.473,10514.934,5146.529,7930.233,7142.294,5687.686,9548.986,4092.78,4605.768,9883.977,5435.95,1837.57,7760.656,3954.045,6924.746,6507.99,9307.022
MetaCyc-pathway-065,3404.901,8732.03,5315.033,0,2532.369,4419.102,10070.918,4312.527,2582.777,4872.228,4582.874,6783.452,10847.577,5371.362,2156.92,6172.996,5349.87,9556.167,6136.883,2049.169,4969.709,0,7977.877,6189.06,2150.411,4966.521,9426.275,11654.656,13987.461
MetaCyc-pathway-066,6974.392,5507.895,3775.705,0,2817.242,3638.642,0,3532.663,1377.871,6360.517,2804.809,3022.201,7213.76,2467.675,1737.796,4790.964,5591.103,1263.484,6486.696,1298.042,3805.169,2849.783,1481.81,1362.095,1040.805,5404.617,1322.799,5060.078,10508.228
MetaCyc-pathway-067,4446.942,5235.614,5449.804,8587.996,5022.676,6306.518,10377.065,3278.635,2736.182,2442.718,3077.196,3229.393,10321.199,10881.431,4084.245,1193.676,4056.271,4422.539,7694.869,8918.102,9317.966,12194.173,6207.678,7525.451,7698.259,3873.553,1689.818,2302.21,3966.275
MetaCyc-pathway-068,5414.872,4384.317,3881.742,3480.305,3600.848,543.156,7457.265,4178.323,10158.422,7240.785,0,2651.42,5908.004,5131.805,5870.175,5466.166,6181.203,4895.16,2977.4,7198.175,2680.058,5315.574,5170.593,1704.886,4017.659,5260.086,8798.045,5421.742,3903.937
MetaCyc-pathway-069,2334.645,1038.013,7580.344,8453.641,3138.738,5896.379,7455.507,5071.662,1851.31,5369.419,5264.362,4375.854,6152.735,7536.968,10232.573,1914.342,6395.334,570.271,2753.838,3405.723,0,4431.651,1987.832,1246.891,506.16,148.475,6419.763,6782.496,7270.034
MetaCyc-pathway-070,9406.182,3671.215,7228.068,11807.645,10973.29,5802.651,5406.982,8276.391,4728.656,4793.222,559.76,6397.558,3067.851,6198.428,330.278,43.599,11363.398,4553.698,4472.616,531.76,4981.176,4268.616,1556.534,4581.26,5960.099,3076.916,8929.482,8270.822,2548.448
MetaCyc-pathway-071,7857.807,6401.766,3584.689,5214.932,10793.872,2567.247,1240.411,4751.592,2707.377,8072.229,4358.122,1283.116,2759.503,4777.452,5991.91,3354.176,4145.406,2880.107,3565.978,3847.945,10443.595,5763.833,7535.649,4524.826,3070.796,5652.878,2444.714,7673.862,3493.576
MetaCyc-pathway-072,2993.089,3447.849,8531.031,6141.271,8832.477,4888.202,10044.869,3764.535,5496.888,6754.197,7575.92,5889.022,3040.607,6104.412,5429.029,3841.371,10454.018,616.565,3015.275,9332.037,9510.558,5647.547,4905.558,1660.021,5170.765,3259.216,165.55,4607.061,3581.058
MetaCyc-pathway-073,1568.659,962.061,2260.958,6266.159,0,1606.23,0,0,5158.899,6298.4,9221.852,4401.769,7470.229,6820.99,633.143,4230.743,5709.816,1586.506,5453.767,6011.926,2304.002,6022.432,10813.155,8326.225,0,2321.751,8385.633,4873.706,3899.324
MetaCyc-pathway-074,0,25.861,5405.358,3970.505,3047.079,2182.946,0,1202.152,352.454,7930.431,1944.552,9282.652,7666.983,4319.44,2342.68,502.486,0,9743.859,2993.288,3831.975,10113.133,7436.968,3984.909,6212.718,2655.476,5680.7,2646.384,7894.663,2688.515
MetaCyc-pathway-075,2523.982,4008.546,7838.687,3390.852,4562.623,4948.445,4862.247,5445.268,7611.668,9745.802,9117.909,7837.786,3984.915,4431.93,4011.873,7880.569,5101.452,2973.704,7054.344,5150.56,0,2451.935,2628.664,2919.285,233.804,374.831,8185.711,4166.79,6341.277
MetaCyc-pathway-076,3887.602,4586.696,5838.044,3715.886,9577.79,4750.22,11838.794,4976.633,6661.197,6778.703,1430.735,4107.748,937.09,0,2264.059,0,8265.977,10883.742,10404.544,4526.32,151.774,5133.744,7599.616,7125.143,7729.186,1598.372,890.316,6512.382,4708.358
MetaCyc-pathway-077,2067.213,7059.837,5328.198,3354.565,9161.429,5025.992,10914.317,7617.824,5986.675,1727.927,7252.545,3541.106,3879.02,5479.294,1990.17,9502.505,4795.564,3890.985,7302.612,1867.02,9174.174,10512.224,8067.585,1641.603,7105.392,7979.344,8075.038,6315.883,7976.343
MetaCyc-pathway-078,5041.818,7945.415,10416.69,3065.541,5728.91,5358.885,0,10571.697,9561.015,4683.715,5329.523,5963.887,14310.105,9547.605,3162.278,1972.62,7752.949,1691.44,7752.615,3341.982,2761.216,0,7351.732,4578.376,7633.808,4684.913,6577.979,6053.665,4921.725
MetaCyc-pathway-079,2317.162,9644.793,6548.291,6848.005,3173.78,4006.19,5130.72,5179.02,1766.452,6361.574,4478.552,6826.928,5687.513,5347.012,11019.573,5632.295,6352.13,3107.773,0,2799.96,3942.596,6359.218,2411.1,6146.007,5521.979,457.911,0,422.003,2153.251
MetaCyc-pathway-080,1649.282,8758.558,4855.46,0,3954.685,8670.201,948.184,7831.114,7630.233,5519.4,9688.406,4918.828,4374.176,2980.659,1569.039,3455.07,7303.773,11008.438,6574.238,9592.378,3370.041,2994.26,8152.58,8135.844,1347.622,923.481,5026.473,2414.341,7270.489
MetaCyc-pathway-081,2682.264,1932.013,5313.223,5736.252,1677.466,5275.292,0,3971.945,7515.672,4955.854,7581.545,476.048,8114.61,2535.568,8425.203,7468.535,5824.878,7890.236,6014.58,7087.741,2064.984,0,5978.433,8633.853,4356.534,10543.594,916.788,5904.181,5285.664
MetaCyc-pathway-082,8382.572,3810.043,5387.616,538.071,3669.718,2189.651,8590.988,7899.24,3923.565,7831.355,10480.931,7703.223,0,1756.924,11168.001,4292.03,4934.089,4442.916,5840.161,235.439,5748.107,3800.169,2434.587,3365.021,3736.786,2867.782,2314.85,6368.257,8848.567
MetaCyc-pathway-083,5302.119,7562.493,8092.888,5343.633,4173.203,4335.519,0,3688.167,5627.639,7443.666,1310.444,4435.679,10897.479,6851.33,5845.799,6086.498,8309.083,7051.658,7193.814,5201.75,797.631,3978.122,8594.449,9278.714,5584.716,7760.735,3030.076,13.297,11190.561
MetaCyc-pathway-084,2052.307,4539.775,4548.233,0,5930.534,10524.056,3075.011,4187.384,4224.242,8438.726,1628.128,2435.218,3693.131,4356.839,10044.063,8018.859,241.337,7886.08,1012.778,7340.948,5461.478,7209.64,4234.1,6871.456,3244.566,4095.528,1805.228,1012.898,9836.049
MetaCyc-pathway-085,2213.459,645.685,194.63,7182.11,3116.788,9069.287,7556.688,8353.809,5897.057,9292.766,2760.933,1686.889,5271.52,3167.554,8831.435,2499.221,5589.863,6088.744,398.147,0,10683.66,5002.396,2845.961,7038.603,2300.646,4675.367,3670.23,7166.485,7431.31
MetaCyc-pathway-086,2903.088,885.89,4535.411,6329.094,7734.789,6785.917,10954.462,4113.93,4745.32,8233.651,3206.182,1035.547,8899.457,2706.457,2664.498,9722.289,7841.689,279.766,5305.699,4355.48,8782.272,3198.349,9022.475,0,6288.679,2217.383,3380.292,3459.84,3535.969
MetaCyc-pathway-087,4016.738,5519.238,3462.951,4752.387,8975.95,0,4522.879,7056.81,672.883,342.035,3781.839,4841.98,4510.219,681.615,2966.992,4500.668,7425.466,0,2457.714,3548,3045.071,5326.438,0,4523.901,6119.936,2409.432,3932.436,3726.113,2310.424
MetaCyc-pathway-088,2545.286,3140.862,10143.06,7368.04,6725.779,4769.307,2642.764,6368.707,3659.224,4955.233,8595.238,6294.024,10195.849,5291.733,2047.669,7729.196,4393.817,4443.83,6183.845,3040.783,5314.818,4600.133,1512.963,9430.004,7335.454,5007.032,6334.186,3422.751,7192.279
MetaCyc-pathway-089,0,4855.662,6070.821,0,4267.034,7806.821,3656.073,6737.849,7434.678,0,6592.389,0,6703.575,11192.041,4764.756,4401.261,7658.261,4282.022,2890.116,1329.016,9513.355,2163.951,3852.097,4329.887,7479.654,0,5676.047,2311.934,8697.067
MetaCyc-pathway-090,1530.9,8643.008,2329.34,5029.473,1082.857,7950.066,6543.814,488.474,6018.325,2179.561,5402.016,3774.277,8163.358,5436.593,3569.317,4313.85,3970.713,7749.935,7455.203,10819.488,4579.084,4715.017,6074.165,3861.315,5858.067,5212.446,4050.719,7374.855,7464.177
MetaCyc-pathway-091,6060.746,6381.122,3464.779,7960.637,3667.133,5996.293,1837.986,48.173,6576.845,1464.719,11351.383,6597.21,5445.276,4264.368,3112.595,3331.458,8330.159,1354.102,6451.006,10041.224,7996.32,7062.403,9608.266,1256.006,4318.381,4253.51,4813.957,4895.976,6358.559
MetaCyc-pathway-092,6629.128,3849.024,3335.259,0,665.77,267.971,6922.73,4451.601,5635.683,6971.47,8442.088,8783.285,9425.813,5535.8,5222.475,950.793,5974.306,7770.876,5943.455,5761.835,8416.453,7393.654,3383.21,7338.923,4041.628,0,9109.894,6462.107,5456.855
MetaCyc-pathway-093,0,8439.643,3183.463,4859.742,5767.567,6005.043,4730.582,8195.564,3605.63,263.197,5066.699,5868.534,3511.813,4758.553,2199.9,5152.55,8065.768,6544.883,8784.427,2945.804,10394.478,8938.824,8576.974,6861.775,4967.829,1186.52,4107.365,2285.188,6631.562
MetaCyc-pathway-094,8027.812,6896.603,7420.641,8403.935,7681.322,1564.844,3685.79,5844.988,5591.659,2380.855,2068.949,3566.819,2955.517,0,2407.46,2937.96,9880.178,3911.239,5840.009,3656.154,8464.354,1089.598,6969.137,5384.595,5220.627,8404.588,9339.069,2894.973,2822.599
MetaCyc-pathway-095,5983.59,7884.88,5418.474,5639.778,6971.707,2590.117,1102.044,7470.478,4480.233,0,4630.202,2619.047,0,3618.813,9267.945,3135.284,6374.346,6681.639,5669.608,3583.795,7619.467,4753.262,3568.945,838.816,3589.833,0,7154.11,6008.689,5259.892
MetaCyc-pathway-096,5155.617,0,8570.365,3897.928,5672.343,3267.08,0,4207.935,7406.182,1649.376,6529.463,927.566,2492.233,5984.384,8656.868,1858.791,4997.953,0,7832.218,4212.68,0,5557.143,2688.695,3866.35,11968.601,3022.076,3751.002,1122.526,4595.518
MetaCyc-pathway-097,2757.983,1202.964,1072.659,2822.28,2462.199,7140.823,6687.775,4642.896,9316.805,12858.717,2826.309,0,10989.743,4451.134,0,4210.136,7400.581,9730.343,7715.493,4347.542,6226.956,0,6608.644,11554.697,3795.545,7742.624,5487.429,1948.226,3988.254
MetaCyc-pathway-098,8257.078,3781.916,7442.467,7930.981,0,3865.828,8458.087,7723.488,0,7713.225,2458.561,4219.187,853.908,6702.281,8670.355,7835.06,1094.986,13522.431,6745.337,10649.371,3591.592,1448.535,4689.057,2118.168,4625.739,7823.135,2884.567,660.803,11368.139
MetaCyc-pathway-099,0,8959.161,6430.826,2322.092,0,2452.137,5107.225,0,26.971,4725.344,5645.726,7449.652,0,8102.312,0,7602.291,1047.429,3242.068,5997.656,6231.299,8387.364,4610.517,5818.759,9566.903,1516.993,5174.352,4156.016,0,2577.221
MetaCyc-pathway-100,7910.07,7531.785,9411.112,5272.161,7061.152,0,5645.823,6861.212,1515.824,3081.173,4880.477,0,2809.434,4582.728,3979.45,0,7019.71,3549.226,7864.707,2123.315,6047.696,3274.704,3567.772,2439.882,7824.234,5404.751,4081.068,3679.045,4194.335
MetaCyc-pathway-101,7436.891,3315.063,3623.119,9860.409,6018.184,8178.347,8457.125,4696.701,6106.818,10362.364,4414.684,7595.26,1757.942,5481.315,5992.711,11344.868,4339.126,1597.857,10755.103,3263.079,4948.017,1567.914,3015.276,6211.78,1762.586,7780.386,0,6457.003,6612.949
MetaCyc-pathway-102,0,2680.223,7000.306,2707.54,8701.908,7880.233,6063.008,8278.945,2434.822,8780.826,4922.526,911.76,3936.392,5786.163,5270.371,2135.259,7435.352,5426.07,2652.221,9326.66,0,4303.841,6985.4,2517.764,917.146,10342.477,3956.962,9990.356,2734.719
MetaCyc-pathway-103,839.712,4507.267,13268.096,3431.374,5927.364,4969.382,6974.833,1326.351,2717.57,5428.972,5953.657,6562.5,6356.234,3922.765,8036.527,194.411,7208.613,8372.544,3579.051,7296.344,11559.608,4871.2,5756.217,958.464,6452.424,6504.24,7741.66,6852.684,3158.637
MetaCyc-pathway-104,8575.096,3602.081,9911.279,10414.206,5515.591,6706.593,9774.76,7408.442,3609.185,426.855,7867.763,1179.053,5099.087,8032.656,3104.454,234.982,3516.422,1602.605,4237.464,1864.767,5627.709,3916.626,5030.738,7391.025,6809.676,0,5673.423,6404.587,5976.739
MetaCyc-pathway-105,3842.066,269.416,6349.536,5503.301,4586.914,7941.293,1271.313,0,4903.133,7452.672,9399.621,2117.492,2818.758,0,5291.591,12423.744,608.587,975.41,2388.683,0,5710.469,3782.609,5751.816,6345.634,1852.703,0,6103.82,4126.349,6032.41
MetaCyc-pathway-106,2261.916,3538.837,4107.647,5030.872,6596.1,1118.396,0,3325.154,7803.674,5614.135,8265.455,0,3657.109,1629.267,8929.801,8262.144,7512.717,7452.705,3828.643,5429.355,7849.04,6128.516,6783.081,9499.906,4030.176,3180.075,0,6693.949,1396.938
MetaCyc-pathway-107,1505.537,6119.107,4601.849,837.909,3786.362,3251.052,10021.742,4909.355,5052.837,1797.18,7168.24,8733.837,3323.999,1580.847,6962.722,3270.948,2343.761,3765.619,5312.694,6441.308,0,0,12944.989,5654.762,1799.913,8559.436,5515.158,3854.216,8995.155
MetaCyc-pathway-108,4523.216,8639.723,12639.113,8797.256,8821.29,4832.756,7861.663,3942.166,10964.607,225.982,10808.848,4735.326,35.029,7643.667,6357.251,4719.996,6040.628,335.161,0,4326.485,5943.438,4641.754,5891.456,3767.757,5373.015,2080.325,6532.165,6418.619,5640.29
MetaCyc-pathway-109,7234.111,3008.623,7746.145,9115.119,5596.615,6947.846,2905.297,1927.312,456.613,1350.046,5630.112,14521.491,2496.435,2230.393,1315.353,5664.824,8003.646,1331.03,2290.556,9272.341,3532.121,10690.742,609.51,4265.312,5794.111,8270.37,1687.771,8512.196,2548.661
MetaCyc-pathway-110,3349.084,3775.762,3385.964,2106.12,2652.004,9570.491,4839.609,1093.767,7507.516,5650.388,9382.076,7715.169,5181.509,3349.165,4380.112,8758.708,4166.221,2314.226,1822.888,8491.961,6496.937,8019.581,4012.482,3233.561,2094.817,7851.761,0,5300.238,5971.019
MetaCyc-pathway-111,5845.497,3540.407,9558.728,9484.665,3109.045,3173.477,6869.363,4147.74,11.75,3811.001,3555.52,9486.68,7676.206,2207.63,5058.659,5130.319,5998.28,341.479,4068.218,5193.51,3084.099,1464.605,2941.038,7038.071,2459.69,7.513,5024.355,7155.668,5250.362
MetaCyc-pathway-112,5558.478,2221.48,9992.576,9034.259,3270.495,8072.767,5686.381,7721.289,4203.724,6461.34,2261.067,0,5298.842,7810.674,7440.86,6458.234,6690.627,2588.428,3523.684,3478.313,9886.743,4251.526,9734.722,7251.558,10066.695,2604.453,7025.072,1891.665,10865.439
MetaCyc-pathway-113,6088.757,4469.543,4252.988,8640.194,9078.172,1399.695,0,1877.005,6618.933,3877.476,1390.08,4435.53,3669.712,8859.292,9602.505,10976.862,6222.541,3140.805,6948.552,4751.342,5767.66,5025.805,0,3793.473,3537.972,4571.271,7551.157,4991.299,1290.488
MetaCyc-pathway-114,9925.802,59.582,3440.848,7799,386.884,8730.047,3606.493,0,6576.161,2141.914,8334.585,4275.332,9458.43,9719.733,5218.79,7378.541,3340.079,4567.036,488.902,3682.999,8394.805,12410.258,1517.998,10029.618,3557.724,9842.062,9016.376,3084.726,8588.941
MetaCyc-pathway-115,7272.141,0,3142.568,5231.621,3401.259,11259.242,4204.135,5074.034,9849.173,400.779,2537.022,4688.763,9907.938,599.195,6957.474,2732.199,0,912.788,3094.41,4415.651,749.492,4532.488,4746.265,2553.47,2790.545,7817.671,7322.724,11236.261,8677.9
MetaCyc-pathway-116,5274.744,5941.879,4014.172,831.582,7916.721,0,1114.115,6204.385,7041.499,8779.93,6110.848,5375.771,3244.292,5835.474,6.821,6037.944,5159.87,7444.197,5369.303,5259.746,3006.47,120.298,8385.434,7943.239,7357.512,3139.633,8478.036,3519.229,8961.144
MetaCyc-pathway-117,6238.063,3550.92,4335.868,5599.145,4818.405,6097.553,8770.061,3184.048,3566.408,2262.572,0,5246.228,10118.25,6030.441,3860.082,0,7432.549,6261.058,5816.568,8724.975,6706.393,5926.321,7019.223,6874.902,4080.667,3929.371,4283.299,6863.056,656.97
MetaCyc-pathway-118,2987.11,9997.955,2176.218,5138.591,4485.178,0,3739.506,1219.337,10530.688,1778.151,6886.266,7018.337,1585.931,8891.479,10384.13,6208.398,8617.531,8033.451,3920.912,4109.941,2350.606,7403.047,6627.212,6802.857,9333.574,5862.18,1950.219,10260.895,2597.95
MetaCyc-pathway-119,8840.208,5398.027,3397.609,2330.012,3374.728,5996.615,3396.724,0,7414.681,7294.119,8727.648,8722.174,9472.147,4637.669,2415.964,2849.713,4152.007,4484.104,8583.322,9868.679,1360.27,2765.349,4060.441,10046.223,6762.145,4872.657,2863.558,0,635.878
MetaCyc-pathway-120,3479.744,3629.437,2170.868,3972.033,4802.819,12476.529,0,5631.658,5270.297,8370.254,11472.955,2572.514,1492.45,8453.501,5820.428,2984.852,6336.615,6871.17,4616.087,2944.997,7752.406,11782.056,9022.058,2748.961,0,8790.688,3034.51,6358.567,5976.429
MetaCyc-pathway-121,4955.331,5102.243,5686.09,6203.829,4941.52,9880.117,2827.831,4334.285,702.374,5059.399,5457.172,5327.789,6493.083,2466.948,8187.348,3844.096,9196.912,7061.784,4433.248,6526.127,10116.018,4094.539,6334.857,11592.317,5528.324,2918.074,8108.614,3644.854,4633.102
MetaCyc-pathway-122,0,6250.099,2253.073,5185.497,9033.509,12224.118,571.93,9590.171,8502.04,2241.635,5549.68,4739.75,5731.628,6099.571,2534.579,5647.065,5018.102,1063.698,2944.457,5236.121,2823.212,5649.494,3401.221,11511.11,7802.292,10787.456,3254.533,6421.599,4052.961
MetaCyc-pathway-123,10446.595,4245.862,1963.909,3597.215,4177.409,3564.791,3821.289,5896.094,7065.55,7021.738,7365.3,9829.291,6205.212,5367.511,7484.787,2823.845,1027.363,8229.374,3125.177,6903.296,11954.825,3555.192,8035.04,6346.978,1425.846,2913.795,3273.663,4081.601,4144.323
MetaCyc-pathway-124,5756.073,6274.697,5540.65,41.524,4853.925,7068.519,4179.211,4380.775,10343.273,10057.419,1507.118,8276.245,3807.325,5463.04,4389.62,8610.101,3243.042,2254.977,2037.254,4933.656,3235.462,3349.994,1536.906,6503.899,5944.838,5311.42,0,0,2500.242
MetaCyc-pathway-125,2382.224,5116.793,7339.498,2317.388,5428.54,904.546,1643.938,10205.283,10087.279,4475.973,8816.636,8173.035,3431.189,4214.613,5383.948,2016.337,4347.026,1805.983,5065.096,309.307,0,2927.638,690.816,4545.729,7458.428,2639.242,390.332,5562.547,8399.36
MetaCyc-pathway-126,6251.901,5903.295,0,3340.433,994.416,2468.929,5985.407,4742.353,701.751,7640.849,9612.881,0,3107.874,8857.417,5594.89,2069.948,7467.118,8053.584,5456.83,2606.691,1246.147,8501.976,4099.353,6632.686,7419.142,4007.243,2975.315,5291.528,11012.311
MetaCyc-pathway-127,1977.269,4438.025,7380.794,3252.103,3143.283,2672.101,2963.974,3468.325,8956.988,5732.096,2592.088,4676.605,7316.848,4252.48,5162.492,3804.248,9212.605,10007.997,6328.526,3856.496,6584.332,0,9372.689,8928.525,2948.152,4502.197,7258.098,4700.275,3790.569
MetaCyc-pathway-128,346.872,3016.301,3506.87,2794.089,624.328,3328.292,7905.372,308.351,2455.937,7268.572,2450.813,4479.593,7122.171,3759.942,2043.148,1965.192,857.826,11945.38,6143.895,1794.503,2710.548,6683.599,3996.115,6177.119,10269.451,3852.604,740.571,4753.746,1844.183
MetaCyc-pathway-129,2872.408,4838.847,0,2407.224,5655.254,3115.774,7529.854,6130.738,8145.739,53.754,3577.423,5355.078,11696.661,3082.062,8353.332,6218.649,4931.365,1927.64,6461.503,4366.669,5253.102,4460.854,13944.764,7538.139,6900.771,565.733,7465.449,0,1491.476
MetaCyc-pathway-130,6574.673,7538.227,6616.779,5924.511,6542.237,8786.457,3708.134,5044.198,4058.584,7121.046,3055.849,5481.06,5506.801,6476.63,7508.4,6587.669,8071.903,3586.502,16198.502,5411.598,5374.632,11289.868,998.656,0,4324.041,7127.926,5149.405,3780.144,2265.066
MetaCyc-pathway-131,3161.747,5572.226,6741.943,9891.861,5700.675,4102.637,6975.129,834.346,4093.001,1638.556,206.27,8822.551,3668.182,1235.527,5771.008,488.924,10280.112,1610.037,7152.707,5899.382,5124.499,5479.85,6431.183,5124.222,4419.2,4271.184,0.285,5386.747,4338.476
MetaCyc-pathway-132,5978.464,3873.673,3958.209,1607.094,0,10218.218,7152.196,8434.711,4233.772,4606.655,673.318,443.471,5924.832,2937.424,7583.539,5603.227,2600.93,5120.13,5851.817,9698.913,2176.53,2555.324,5336.165,3646.813,1410.029,5500.335,10785.558,6479.913,4403.638
MetaCyc-pathway-133,4386.942,7852.876,6268.696,2764.893,4565.208,5241.554,4518.378,6179.264,3728.443,10038.929,7307.729,2974.219,5292.45,525.957,3021.795,3984.508,3106.221,2346.153,5120.413,8901.079,3265.049,13457.282,4197.423,2480.59,6684.263,7863.779,3580.028,2290.873,11978.243
MetaCyc-pathway-134,0,6154.657,3579.968,7311.014,3570.786,5710.374,7138.818,11589.244,6286.11,2335.784,1373.596,8931.964,4586.025,4402.169,8017.164,4585.903,4885.699,8024.954,3824.14,11824.854,5924.457,3444.262,4416.258,6652.107,6283.271,2576.208,3358.398,7437.769,10143.018
MetaCyc-pathway-135,0,6716.293,4700.075,4360.698,11405.81,1766.775,5154.424,2846.433,6207.804,4264.267,4919.867,3236.449,4817.307,474.193,0,6682.482,8876.052,5781.159,5093.554,4627.391,5436.874,4918.377,10154.627,0,2388.37,6782.893,9660.963,358.988,3206.432
MetaCyc-pathway-136,6198.643,3079.296,6519.726,9795.001,4086.686,9631.731,5121.309,6808.167,3415.897,4573.661,3601.761,0,3921.169,5007.905,4234.112,4763.043,5706.122,29.819,7646.155,5199.199,4394.812,2188.043,5513.112,4182.757,7441.68,0,10109.511,5675.853,5509.127
MetaCyc-pathway-137,1743.773,362.946,5185.354,388.571,2731.508,4873.532,4035.454,8901.04,1875.649,1445.964,2256.36,1064.519,2195.609,3845.391,2560.244,912.501,7560.696,11310.421,6894.554,3467.494,6511.005,2504.762,2839.47,6622.524,4610.645,1290.863,3854.447,3403.636,5213.697
MetaCyc-pathway-138,5992.952,3625.685,6387.432,7774.826,5605.971,2700.314,6739.046,7624.922,4507.685,9238.96,4275.297,6563.908,4573.123,3618.659,10752.494,4844.067,7501.582,5200.817,2014.223,7333.123,2576.86,9293.794,3843.773,7092.867,8571.441,0,3790.107,1461.464,8568.321
MetaCyc-pathway-139,3219.39,5924.709,6985.495,8128.312,2048.553,6928.322,0,10151.392,6297.469,6674.345,4298.634,5309.823,7641.642,1977.452,11869.428,7296.237,6251.916,3895.187,4257.966,4475.509,4763.643,5038.096,7044.394,8553.503,357.911,6064.025,2068.327,8475.085,4567.818
MetaCyc-pathway-140,3573.71,0,2936.879,3397.392,5166.354,4159.494,2791.319,5510.422,3645.524,8729.258,8836.118,3590.992,8205.596,4726.168,9133.273,9189.41,174.175,9782.955,10365.364,7220.565,5781.171,8016.53,1740.348,4178.799,7830.259,5451.42,3093.14,5694.707,8126.98
MetaCyc-pathway-141,5936.375,1123.387,2676.466,6183.239,0,5041.7,5066.082,6720.384,6734.357,5024.901,6916.046,0,9906.862,5772.626,8470.64,4592.965,3212.476,5918.866,6904.901,8960.374,2462.13,4261.823,0,3534.901,11184.426,10565.962,6769.278,12521.998,10618.813
MetaCyc-pathway-142,7497.617,8112.325,7164.522,8408.723,4367.473,7498.392,0,4490.626,6799.211,0,4948.982,4499.267,6484.167,2150.725,4642.171,5724.268,7572.886,8429.736,2739.005,7410.562,5805.283,6763.989,4533.909,11597.203,3944.747,9030.362,5746.044,10332.714,3948.279
MetaCyc-pathway-143,2507.705,7662.204,1569.764,3752.301,1583.991,1963.354,5782.797,6258.593,5372.29,8049.62,2562.959,4439.487,8195.494,1165.325,4257.55,3690.049,1381.049,8072.285,7191.912,4803.005,3372.881,8313.092,0,3715.651,6302.492,1157.293,3644.236,78.624,8599.574
MetaCyc-pathway-144,7364.169,7127.091,5462.439,4775.145,5920.213,4539.424,4256.154,0,0,9860.336,2397.715,7760.593,8523.995,7023.527,29.685,8045.355,1275.298,7692.78,3179.798,2675.534,7648.713,5097.517,3022.948,3734.827,6236.013,8745.614,7398.09,3376.114,2553.403
MetaCyc-pathway-145,4234.143,5725.506,5787.099,4138.584,1937.369,9647.502,114.608,5156.28,4400.215,0,13543.906,3376.515,4472.667,7550.131,3986.988,3788.772,419.042,4952.165,5678.165,6140.339,4285.95,5835.046,4675.908,5873.977,6058.07,8833.363,5256.161,468.782,4276.515
MetaCyc-pathway-146,5613.39,5644.079,7475.979,6375.67,2433.905,3123.801,6190.009,1869.752,4646.908,7461.134,9467.96,2367.795,6048.629,5548.321,6037.61,547.167,8714.336,6464.448,949.961,1706.934,9119.538,11362.876,4161.496,6637.656,4781.272,1284.937,4624.244,8574.677,6463.762
MetaCyc-pathway-147,4452.545,9069.514,8127.693,1388.705,4935.49,3010.156,5369.41,2293.697,5757.231,9528.171,6323.452,0,4851.914,0,0,5242.675,0,2547.362,6998.977,9588.326,2073.857,7035.511,11687.655,6888.8,5351.91,7548.612,3185.125,4816.462,5128.769
MetaCyc-pathway-148,7496.633,6424.471,10640.558,4368.212,7303.604,4112.793,3140.471,6859.204,1438.388,10102.685,4345.458,9533.902,3383.931,2839.085,858.769,0,8499.612,10116.936,4391.515,10345.89,11196.564,0,5494.431,6791.424,8142.626,4673.116,3791.096,3938.469,4874.459
MetaCyc-pathway-149,6269.603,4870.34,8027.955,3397.837,5478.995,1064.018,3812.025,3273.89,5863.877,2805.309,3003.175,2000.333,2982.871,10083.926,5112.359,291.221,773.894,5128.489,6757.965,11477.454,0,8616.853,6406.16,3491.001,0,5347.515,0,2954.21,7062.47
MetaCyc-pathway-150,3330.317,7147.532,4960.273,4721.312,6574.778,4608.256,987.74,3737.703,8339.502,2012.888,6777.059,3153.462,6596.556,7567.675,4433.802,4403.312,5470.032,7594.29,3616.17,2837.995,7483.438,8536.959,2918.271,1134.62,3428.494,2533.441,5175.627,2664.644,1507.373
